[
    { "sentence": "Congratulation, you did it!", "min": 0, "max": 3 },
    { "sentence": "Well done, excellent job!", "min": 0, "max": 3 },
    { "sentence": "You nailed it, amazing work!", "min": 0, "max": 3 },
    { "sentence": "Fantastic, keep it up!", "min": 0, "max": 3 },
    { "sentence": "Success! You mastered it!", "min": 0, "max": 3 },
    { "sentence": "Impressive, you aced it!", "min": 0, "max": 3 },
    { "sentence": "Great job, very proud!", "min": 0, "max": 3 },
    { "sentence": "Outstanding performance!", "min": 0, "max": 3 },
    { "sentence": "You did perfectly, congrats!", "min": 0, "max": 3 },
    { "sentence": "Excellent, keep shining!", "min": 0, "max": 3 },
    { "sentence": "Amazing effort, well done!", "min": 0, "max": 3 },
    { "sentence": "Top marks, fantastic work!", "min": 0, "max": 3 },
    { "sentence": "You’re unstoppable, bravo!", "min": 0, "max": 3 },
    { "sentence": "Wonderful, you succeeded!", "min": 0, "max": 3 },
    { "sentence": "Exceptional, great progress!", "min": 0, "max": 3 },
    { "sentence": "You excelled, keep going!", "min": 0, "max": 3 },
    { "sentence": "Victory! You did amazing!", "min": 0, "max": 3 },
    { "sentence": "Superb, you’re a star!", "min": 0, "max": 3 },
    { "sentence": "Well executed, congratulations!", "min": 0, "max": 3 },
    { "sentence": "You’re improving every day!", "min": 0, "max": 3 },
    { "sentence": "Top performance, amazing!", "min": 0, "max": 3 },
    { "sentence": "Brilliant, keep up the good work!", "min": 0, "max": 3 },
    { "sentence": "Excellent results, proud of you!", "min": 0, "max": 3 },
    { "sentence": "You achieved it, congrats!", "min": 0, "max": 3 },
    { "sentence": "Fantastic effort, well deserved!", "min": 0, "max": 3 },
    { "sentence": "Amazing, you’re doing great!", "min": 0, "max": 3 },
    { "sentence": "Success! You’re improving!", "min": 0, "max": 3 },
    { "sentence": "Keep shining, excellent work!", "min": 0, "max": 3 },
    { "sentence": "Outstanding achievement, bravo!", "min": 0, "max": 3 },
    { "sentence": "You’re a winner, fantastic!", "min": 0, "max": 3 },
    { "sentence": "Perfect score, congratulations!", "min": 0, "max": 3 },
    { "sentence": "You’re excelling, amazing job!", "min": 0, "max": 3 },
    { "sentence": "Superb progress, well done!", "min": 0, "max": 3 },
    { "sentence": "Top effort, you did it!", "min": 0, "max": 3 },
    { "sentence": "Amazing performance, keep it up!", "min": 0, "max": 3 },
    { "sentence": "You’re mastering it, congratulations!", "min": 0, "max": 3 },
    { "sentence": "Excellent work, very proud!", "min": 0, "max": 3 },
    { "sentence": "Fantastic achievement, bravo!", "min": 0, "max": 3 },
    { "sentence": "You succeeded brilliantly!", "min": 0, "max": 3 },
    { "sentence": "Outstanding job, keep progressing!", "min": 0, "max": 3 },
    { "sentence": "Well done, you’re improving!", "min": 0, "max": 3 },
    { "sentence": "Amazing results, congratulations!", "min": 0, "max": 3 },
    { "sentence": "Brilliant effort, keep going!", "min": 0, "max": 3 },
    { "sentence": "You’re a star, fantastic work!", "min": 0, "max": 3 },
    { "sentence": "Top marks, well deserved!", "min": 0, "max": 3 },
    { "sentence": "Exceptional performance, bravo!", "min": 0, "max": 3 },
    { "sentence": "Congratulations, you excelled!", "min": 0, "max": 3 },
    { "sentence": "Amazing effort, keep it up!", "min": 0, "max": 3 },
    { "sentence": "You did wonderfully, bravo!", "min": 0, "max": 3 },
    { "sentence": "Fantastic results, congratulations!", "min": 0, "max": 3 },
    { "sentence": "Success achieved, well done!", "min": 0, "max": 3 },
    { "sentence": "Excellent achievement, keep shining!", "min": 0, "max": 3 },
    { "sentence": "Top performance, congratulations!", "min": 0, "max": 3 },
    {"sentence": "Every mistake is a lesson!", "min": 4, "max": 8},
    {"sentence": "Keep calm and try again.", "min": 3, "max": 7},
    {"sentence": "Failure is just a step forward.", "min": 4, "max": 9},
    {"sentence": "Don't give up on your dreams.", "min": 4, "max": 8},
    {"sentence": "Practice makes perfect.", "min": 3, "max": 6},
    {"sentence": "Learning from mistakes is key.", "min": 4, "max": 9},
    {"sentence": "Stay focused and keep learning.", "min": 4, "max": 8},
    {"sentence": "Each attempt brings progress.", "min": 4, "max": 8},
    {"sentence": "Believe in yourself and try again.", "min": 4, "max": 10},
    {"sentence": "Mistakes are proof you're trying.", "min": 4, "max": 9},
    {"sentence": "Small steps lead to big achievements.", "min": 5, "max": 10},
    {"sentence": "Courage grows with effort.", "min": 3, "max": 7},
    {"sentence": "You are learning every day.", "min": 3, "max": 7},
    {"sentence": "Stay positive, keep improving.", "min": 4, "max": 8},
    {"sentence": "Failure is part of success.", "min": 3, "max": 7},
    {"sentence": "Try, fail, learn, repeat.", "min": 3, "max": 7},
    {"sentence": "Persistence beats resistance.", "min": 4, "max": 8},
    {"sentence": "Every challenge is an opportunity.", "min": 5, "max": 10},
    {"sentence": "Learn from every attempt.", "min": 4, "max": 8},
    {"sentence": "Your effort matters more than results.", "min": 5, "max": 10},
    {"sentence": "Mistakes are just detours.", "min": 4, "max": 8},
    {"sentence": "Focus on progress, not perfection.", "min": 4, "max": 9},
    {"sentence": "Keep pushing forward.", "min": 3, "max": 6},
    {"sentence": "Every failure teaches something.", "min": 4, "max": 8},
    {"sentence": "Success comes after persistence.", "min": 4, "max": 9},
    {"sentence": "Don't fear mistakes.", "min": 3, "max": 6},
    {"sentence": "Stay determined and try again.", "min": 4, "max": 9},
    {"sentence": "Challenges make you stronger.", "min": 4, "max": 8},
    {"sentence": "Keep learning and improving.", "min": 4, "max": 8},
    {"sentence": "Mistakes are stepping stones.", "min": 4, "max": 8},
    {"sentence": "Believe you can succeed.", "min": 3, "max": 6},
    {"sentence": "Your progress is your reward.", "min": 4, "max": 8},
    {"sentence": "Effort always counts.", "min": 3, "max": 6},
    {"sentence": "Never give up on learning.", "min": 4, "max": 8},
    {"sentence": "Each try brings experience.", "min": 4, "max": 8},
    {"sentence": "Mistakes are part of growth.", "min": 4, "max": 8},
    {"sentence": "Stay patient and persistent.", "min": 4, "max": 8},
    {"sentence": "Learning takes time and effort.", "min": 4, "max": 9},
    {"sentence": "Progress comes with practice.", "min": 4, "max": 8},
    {"sentence": "Don't let failure stop you.", "min": 4, "max": 8},
    {"sentence": "Every mistake is a step forward.", "min": 4, "max": 9},
    {"sentence": "Keep trying until you succeed.", "min": 4, "max": 9},
    {"sentence": "Effort today leads to success tomorrow.", "min": 5, "max": 10},
    {"sentence": "Learning never ends.", "min": 3, "max": 6},
    {"sentence": "Growth comes from challenges.", "min": 4, "max": 8},
    {"sentence": "Stay motivated and keep going.", "min": 4, "max": 9},
    {"sentence": "Don't fear making mistakes.", "min": 4, "max": 8},
    {"sentence": "Each failure brings new knowledge.", "min": 5, "max": 10},
    {"sentence": "Patience and practice pay off.", "min": 4, "max": 9},
    {"sentence": "Your effort is your progress.", "min": 4, "max": 8},
    {"sentence": "Learn, improve, succeed.", "min": 3, "max": 6},
    {"sentence": "Mistakes show you are trying.", "min": 4, "max": 8},
    {"sentence": "Keep striving for improvement.", "min": 4, "max": 9},
    {"sentence": "Every attempt is a lesson.", "min": 4, "max": 8},
    { "sentence": "You're improving—keep pushing forward!", "min": 10, "max": 20 },
    { "sentence": "Great effort, stay committed to learning.", "min": 10, "max": 20 },
    { "sentence": "Every mistake teaches you something valuable.", "min": 10, "max": 20 },
    { "sentence": "You're on the right path—just keep practicing.", "min": 10, "max": 20 },
    { "sentence": "Step by step, you're getting stronger.", "min": 10, "max": 20 },
    { "sentence": "Progress takes time—stay patient and focused.", "min": 10, "max": 20 },
    { "sentence": "Challenges help you grow—don’t stop now.", "min": 10, "max": 20 },
    { "sentence": "Learning is a journey, not a race.", "min": 10, "max": 20 },
    { "sentence": "Keep trying—you’re building valuable skills.", "min": 10, "max": 20 },
    { "sentence": "Mistakes are stepping stones to progress.", "min": 10, "max": 20 },
    { "sentence": "Tough challenge—but you can overcome it.", "min": 20, "max": 25 },
    { "sentence": "Don’t worry about mistakes—focus on learning.", "min": 20, "max": 25 },
    { "sentence": "You're facing a high difficulty, but persistence wins.", "min": 20, "max": 25 },
    { "sentence": "Every failed step is a step towards understanding.", "min": 20, "max": 25 },
    { "sentence": "Take your time—growth happens slowly but surely.", "min": 20, "max": 25 },
    { "sentence": "You're building resilience with every attempt.", "min": 20, "max": 25 },
    { "sentence": "This level is challenging, but so are you.", "min": 20, "max": 25 },
    { "sentence": "Keep going—success is built on perseverance.", "min": 20, "max": 25 },
    { "sentence": "Mistakes mean you’re learning something new.", "min": 20, "max": 25 },
    { "sentence": "Stay calm and keep moving forward.", "min": 20, "max": 25 },
    { "sentence": "This is a tough set, but don’t stop trying.", "min": 25, "max": 30 },
    { "sentence": "Even the hardest challenges can be overcome.", "min": 25, "max": 30 },
    { "sentence": "Don’t give up—every attempt builds strength.", "min": 25, "max": 30 },
    { "sentence": "You're learning more than you think right now.", "min": 25, "max": 30 },
    { "sentence": "High errors mean high potential for improvement.", "min": 25, "max": 30 },
    { "sentence": "Stay determined—small progress is still progress.", "min": 25, "max": 30 },
    { "sentence": "Difficult moments create skilled learners.", "min": 25, "max": 30 },
    { "sentence": "You’re still in the game—keep pushing forward.", "min": 25, "max": 30 },
    { "sentence": "Hard tests build strong minds.", "min": 25, "max": 30 },
    { "sentence": "Believe in your ability—you can get better.", "min": 25, "max": 30 }

  ]
  