[
    { "sentence": "Congratulation, you did it!", "min": 0, "max": 3 },
    { "sentence": "Well done, excellent job!", "min": 0, "max": 3 },
    { "sentence": "You nailed it, amazing work!", "min": 0, "max": 3 },
    { "sentence": "Fantastic, keep it up!", "min": 0, "max": 3 },
    { "sentence": "Success! You mastered it!", "min": 0, "max": 3 },
    { "sentence": "Impressive, you aced it!", "min": 0, "max": 3 },
    { "sentence": "Great job, very proud!", "min": 0, "max": 3 },
    { "sentence": "Outstanding performance!", "min": 0, "max": 3 },
    { "sentence": "You did perfectly, congrats!", "min": 0, "max": 3 },
    { "sentence": "Excellent, keep shining!", "min": 0, "max": 3 },
    { "sentence": "Amazing effort, well done!", "min": 0, "max": 3 },
    { "sentence": "Top marks, fantastic work!", "min": 0, "max": 3 },
    { "sentence": "You’re unstoppable, bravo!", "min": 0, "max": 3 },
    { "sentence": "Wonderful, you succeeded!", "min": 0, "max": 3 },
    { "sentence": "Exceptional, great progress!", "min": 0, "max": 3 },
    { "sentence": "You excelled, keep going!", "min": 0, "max": 3 },
    { "sentence": "Victory! You did amazing!", "min": 0, "max": 3 },
    { "sentence": "Superb, you’re a star!", "min": 0, "max": 3 },
    { "sentence": "Well executed, congratulations!", "min": 0, "max": 3 },
    { "sentence": "You’re improving every day!", "min": 0, "max": 3 },
    { "sentence": "Top performance, amazing!", "min": 0, "max": 3 },
    { "sentence": "Brilliant, keep up the good work!", "min": 0, "max": 3 },
    { "sentence": "Excellent results, proud of you!", "min": 0, "max": 3 },
    { "sentence": "You achieved it, congrats!", "min": 0, "max": 3 },
    { "sentence": "Fantastic effort, well deserved!", "min": 0, "max": 3 },
    { "sentence": "Amazing, you’re doing great!", "min": 0, "max": 3 },
    { "sentence": "Success! You’re improving!", "min": 0, "max": 3 },
    { "sentence": "Keep shining, excellent work!", "min": 0, "max": 3 },
    { "sentence": "Outstanding achievement, bravo!", "min": 0, "max": 3 },
    { "sentence": "You’re a winner, fantastic!", "min": 0, "max": 3 },
    { "sentence": "Perfect score, congratulations!", "min": 0, "max": 3 },
    { "sentence": "You’re excelling, amazing job!", "min": 0, "max": 3 },
    { "sentence": "Superb progress, well done!", "min": 0, "max": 3 },
    { "sentence": "Top effort, you did it!", "min": 0, "max": 3 },
    { "sentence": "Amazing performance, keep it up!", "min": 0, "max": 3 },
    { "sentence": "You’re mastering it, congratulations!", "min": 0, "max": 3 },
    { "sentence": "Excellent work, very proud!", "min": 0, "max": 3 },
    { "sentence": "Fantastic achievement, bravo!", "min": 0, "max": 3 },
    { "sentence": "You succeeded brilliantly!", "min": 0, "max": 3 },
    { "sentence": "Outstanding job, keep progressing!", "min": 0, "max": 3 },
    { "sentence": "Well done, you’re improving!", "min": 0, "max": 3 },
    { "sentence": "Amazing results, congratulations!", "min": 0, "max": 3 },
    { "sentence": "Brilliant effort, keep going!", "min": 0, "max": 3 },
    { "sentence": "You’re a star, fantastic work!", "min": 0, "max": 3 },
    { "sentence": "Top marks, well deserved!", "min": 0, "max": 3 },
    { "sentence": "Exceptional performance, bravo!", "min": 0, "max": 3 },
    { "sentence": "Congratulations, you excelled!", "min": 0, "max": 3 },
    { "sentence": "Amazing effort, keep it up!", "min": 0, "max": 3 },
    { "sentence": "You did wonderfully, bravo!", "min": 0, "max": 3 },
    { "sentence": "Fantastic results, congratulations!", "min": 0, "max": 3 },
    { "sentence": "Success achieved, well done!", "min": 0, "max": 3 },
    { "sentence": "Excellent achievement, keep shining!", "min": 0, "max": 3 },
    { "sentence": "Top performance, congratulations!", "min": 0, "max": 3 }
  ]
  